idx,gold,pred,conf
67,c1,c5,0.42
247,c1,c5,0.44
276,c234,c5,0.67
307,c5,c234,0.38
310,c1,c234,0.54
379,c5,c234,0.31
396,c234,c234,0.59
476,c1,c234,0.56
498,c234,c5,0.54
542,c234,c5,0.54
596,c1,c5,0.48
628,c1,c234,0.34
647,c5,c5,0.7
652,c1,c5,0.1
691,c234,c234,0.57
694,c5,c5,0.44
696,c234,c5,0.28
713,c234,c1,0.27
714,c5,c5,0.49
732,c1,c234,0.54
1149,c1,c234,0.57
1178,c5,c1,0.38
1203,c234,c5,0.41
1272,c5,c5,0.61
1345,c5,c5,0.46
1351,c1,c234,0.63
1386,c5,c5,0.59
1392,c234,c5,0.52
1402,c5,c1,0.67
1411,c234,c5,0.54
1449,c5,c5,0.42
1464,c1,c1,0.68
1487,c5,c5,0.12
1500,c234,c5,0.82
1545,c1,c1,0.24
1620,c234,c5,0.54
1632,c234,c234,0.53
1689,c1,c234,0.72
1691,c1,c234,0.44
1722,c1,c5,0.41
1730,c234,c5,0.55
1739,c5,c1,0.2
1810,c5,c234,0.49
1936,c1,c234,0.28
1948,c5,c234,0.34
1989,c1,c1,0.97
2000,c1,c234,0.25
2035,c5,c5,0.24
2182,c234,c1,0.61
2261,c1,c234,0.09
2267,c234,c234,0.55
2310,c1,c5,0.71
2364,c1,c5,0.44
2405,c5,c234,0.68
2416,c1,c1,0.2
2417,c1,c234,0.05
2426,c5,c234,0.59
2492,c1,c234,0.5
2541,c234,c1,0.64
2774,c234,c234,0.41
2836,c5,c234,0.72
2856,c234,c5,0.38
2946,c5,c5,0.45
2965,c5,c1,0.27
2966,c5,c234,0.67
2987,c5,c5,0.41
3070,c234,c234,0.65
3204,c1,c5,0.56
3257,c1,c5,0.36
3268,c5,c5,0.57
3329,c1,c1,0.4
3368,c1,c234,0.57
3618,c5,c1,0.96
3723,c234,c234,0.48
3789,c5,c5,0.2
3828,c234,c1,0.81
3841,c1,c234,0.52
3955,c1,c234,0.15
3958,c5,c5,0.83
4007,c234,c1,0.98
4056,c234,c234,0.81
4083,c1,c5,0.05
4098,c5,c1,0.45
4179,c5,c1,0.4
4277,c1,c234,0.27
4317,c1,c234,0.59
4377,c234,c5,0.77
4519,c1,c234,0.36
4521,c234,c234,0.48
4536,c234,c234,0.75
4549,c5,c234,0.69
4567,c1,c234,0.68
4587,c234,c5,0.81
4617,c5,c5,0.58
4641,c234,c5,0.1
4680,c5,c5,0.83
4719,c5,c234,0.51
4795,c5,c5,0.86
4810,c5,c5,0.2
4840,c234,c234,0.45
4847,c5,c234,0.41
4852,c5,c5,0.95
4857,c234,c5,0.6
4860,c1,c234,0.43
5007,c5,c234,0.49
5011,c5,c234,0.32
5031,c5,c234,0.33
5091,c5,c5,0.46
5119,c234,c234,0.22
5123,c5,c1,0.97
5139,c234,c234,0.39
5144,c1,c234,0.63
5153,c234,c234,0.38
5170,c1,c234,0.34
5272,c1,c1,0.27
5273,c5,c5,0.93
5289,c1,c234,0.37
5311,c1,c5,0.38
5352,c1,c234,0.26
5356,c234,c234,0.62
5419,c234,c5,0.74
5453,c5,c5,0.36
5464,c1,c234,0.29
5509,c234,c5,0.34
5511,c1,c234,0.61
5518,c5,c234,0.33
5524,c5,c234,0.59
5651,c1,c1,0.21
5671,c1,c234,0.44
5710,c234,c234,0.63
5730,c1,c234,0.69
5748,c234,c234,0.46
5902,c234,c234,0.75
6007,c1,c5,0.54
6047,c234,c5,0.51
6140,c5,c5,0.62
6184,c234,c234,0.33
6265,c1,c1,0.67
6272,c234,c234,0.45
6317,c1,c234,0.29
6582,c5,c1,0.55
6609,c234,c234,0.61
6737,c1,c1,0.93
6955,c1,c234,0.48
6977,c234,c234,0.53
7017,c5,c234,0.56
7056,c234,c234,0.44
7084,c1,c234,0.28
7216,c5,c5,0.29
7237,c5,c1,0.94
7341,c5,c234,0.43
7365,c234,c5,0.4
7385,c5,c5,0.39
7405,c234,c5,0.26
7419,c5,c234,0.23
7498,c1,c5,0.19
7518,c5,c234,0.26
7574,c5,c234,0.56
7589,c234,c1,0.22
7621,c5,c5,0.73
7653,c234,c234,0.35
7654,c234,c234,0.14
7695,c5,c234,0.3
7715,c5,c1,0.19
7757,c1,c234,0.37
7831,c5,c5,0.35
7857,c5,c5,0.83
7941,c234,c234,0.37
7982,c234,c234,0.47
8005,c5,c5,0.37
8103,c1,c234,0.28
8119,c5,c5,0.73
8123,c5,c5,0.41
8174,c1,c1,0.46
8192,c234,c234,0.56
8206,c1,c1,0.97
8245,c5,c234,0.29
8286,c5,c1,0.35
8295,c1,c5,0.2
8343,c5,c5,0.31
8482,c1,c234,0.41
8485,c234,c234,0.48
8491,c1,c5,0.26
8524,c1,c1,0.13
8537,c5,c234,0.48
8575,c234,c5,0.3
8647,c1,c234,0.53
8741,c234,c1,0.69
8783,c1,c5,0.34
8869,c234,c5,0.51
8966,c234,c5,0.79
9032,c234,c234,0.44
9056,c234,c234,0.37
9059,c1,c1,0.17
9123,c1,c234,0.26
9250,c5,c5,0.74
9312,c5,c5,0.2
9420,c5,c234,0.27
9466,c234,c1,0.49
9516,c5,c5,0.62
9555,c1,c234,0.38
9631,c5,c5,0.31
9708,c1,c5,0.34
9873,c5,c5,0.68
9900,c1,c1,0.53
9923,c1,c234,0.48
9990,c1,c234,0.57
10000,c1,c1,0.86
10026,c1,c234,0.11
10058,c234,c1,0.18
10081,c5,c234,0.52
10132,c1,c234,0.29
10174,c234,c1,0.24
10203,c1,c234,0.14
10346,c5,c234,0.25
10395,c234,c5,0.63
10467,c5,c1,0.75
10492,c234,c234,0.26
10538,c1,c5,0.26
10582,c5,c5,0.28
10597,c5,c5,0.54
10627,c5,c5,0.43
10700,c234,c1,0.95
10757,c1,c5,0.62
10838,c234,c5,0.18
10881,c234,c1,0.41
11141,c1,c5,0.89
11145,c5,c5,0.51
11184,c1,c234,0.73
11243,c234,c1,0.44
11266,c1,c234,0.36
11291,c1,c234,0.49
11308,c234,c234,0.39
11310,c234,c234,0.58
11311,c234,c234,0.65
11367,c5,c5,0.72
11396,c5,c234,0.18
11435,c5,c1,0.65
11583,c5,c1,0.97
11597,c5,c234,0.58
11682,c234,c234,0.58
11716,c5,c234,0.58
11821,c234,c234,0.18
11854,c5,c234,0.67
11863,c1,c234,0.24
12070,c234,c5,0.39
12259,c1,c5,0.24
12303,c1,c234,0.58
12410,c234,c5,0.6
12449,c5,c5,0.67
12467,c1,c5,0.31
12590,c5,c234,0.4
12630,c1,c234,0.59
12636,c5,c5,0.74
12655,c1,c234,0.6
12740,c234,c234,0.3
12863,c234,c234,0.41
12940,c234,c5,0.69
12993,c1,c234,0.6
13023,c5,c234,0.7
13179,c5,c234,0.4
13331,c234,c1,0.46
13411,c1,c234,0.42
13484,c5,c1,0.87
13493,c234,c234,0.22
13610,c234,c5,0.15
13618,c234,c234,0.39
13627,c5,c5,0.28
13639,c5,c5,0.38
14047,c234,c234,0.57
14057,c234,c1,0.95
14108,c1,c234,0.55
14269,c1,c234,0.56
14282,c234,c234,0.7
14316,c1,c234,0.23
14352,c5,c5,0.28
14354,c5,c5,0.82
14422,c234,c5,0.91
14484,c5,c234,0.59
14539,c234,c234,0.47
14543,c234,c234,0.73
14586,c5,c1,0.26
14689,c5,c5,0.38
14772,c5,c234,0.54
14855,c5,c234,0.25
14897,c234,c234,0.15
14979,c5,c234,0.59
15040,c234,c1,0.99
15044,c234,c1,0.23
15077,c1,c234,0.55
15103,c234,c234,0.47
15146,c5,c234,0.46
15154,c5,c1,0.59
15162,c1,c234,0.55
15194,c234,c234,0.29
15225,c1,c5,0.34
15475,c1,c234,0.37
15532,c1,c234,0.67
15537,c1,c1,0.11
15554,c5,c5,0.51
15558,c1,c234,0.57
15660,c1,c234,0.22
15683,c1,c5,0.26
15716,c5,c234,0.6
15727,c234,c1,0.21
15740,c1,c1,0.91
15767,c234,c1,0.35
15807,c5,c1,0.7
15886,c234,c5,0.29
15905,c234,c234,0.48
15916,c5,c5,0.91
16109,c5,c234,0.27
16178,c234,c234,0.37
16245,c5,c234,0.51
16254,c1,c234,0.57
16303,c234,c234,0.73
16330,c5,c1,0.57
16364,c234,c234,0.44
16403,c5,c234,0.45
16440,c1,c5,0.55
16467,c234,c5,0.84
16547,c1,c234,0.17
16607,c1,c5,0.52
16648,c234,c234,0.71
16678,c1,c5,0.45
16715,c234,c5,0.72
16724,c234,c5,0.2
16731,c5,c234,0.65
16766,c234,c234,0.64
16785,c5,c5,0.7
16786,c5,c5,0.78
16879,c5,c5,0.76
16904,c234,c234,0.8
16945,c234,c234,0.55
17054,c1,c1,0.05
17067,c5,c234,0.43
17203,c234,c234,0.36
17215,c5,c234,0.59
17277,c5,c234,0.59
17294,c5,c5,0.32
17322,c234,c5,0.42
17331,c234,c234,0.71
17339,c5,c5,0.43
17376,c234,c5,0.25
17390,c5,c1,0.26
17424,c234,c234,0.33
17445,c1,c234,0.58
17465,c234,c234,0.66
17661,c1,c234,0.29
17676,c234,c5,0.52
17692,c234,c234,0.55
17701,c234,c5,0.31
17835,c1,c234,0.17
17887,c5,c234,0.72
17938,c5,c5,0.81
17956,c5,c5,0.51
17962,c1,c5,0.84
17984,c234,c234,0.49
18048,c234,c1,0.57
18073,c5,c234,0.6
18078,c5,c5,0.42
18159,c234,c234,0.36
18235,c5,c5,0.44
18275,c234,c234,0.41
18278,c234,c5,0.73
18289,c5,c234,0.66
18327,c1,c234,0.45
18429,c1,c234,0.52
18471,c1,c234,0.36
18576,c1,c234,0.58
18639,c5,c5,0.37
18667,c234,c234,0.19
18680,c234,c5,0.55
18764,c234,c234,0.39
18886,c1,c5,0.68
18928,c234,c234,0.45
19019,c1,c234,0.12
19079,c5,c5,0.7
19085,c234,c1,0.99
19145,c1,c234,0.64
19166,c1,c5,0.27
19203,c234,c5,0.66
19233,c5,c1,0.25
19236,c234,c5,0.58
19250,c234,c1,0.29
19266,c1,c5,0.33
19291,c234,c234,0.51
19292,c234,c234,0.31
19338,c1,c234,0.59
19350,c234,c234,0.29
19361,c5,c234,0.06
19461,c1,c1,0.44
19542,c1,c234,0.46
19632,c5,c234,0.27
19659,c234,c234,0.67
19745,c5,c234,0.38
19831,c234,c5,0.25
19855,c1,c234,0.3
19947,c1,c1,0.42
